Mã trạm,Tên trạm,Địa chỉ,Trạng thái
110_GĐ,GÒ ĐẬU,Bình Dương,ACTIVE
110_BB,BÀU BÈO,Bình Dương,ACTIVE
110_VT,VĨNH TRƯỜNG,Bình Dương,ACTIVE
110_VH,VĨNH HIỆP,Bình Dương,ACTIVE
110_VL,VĨNH LỢI,Bình Dương,ACTIVE
110_HP,HÒA PHÚ,Bình Dương,ACTIVE
110_HL,HÒA LỢI,Bình Dương,ACTIVE
110_HB,HÒA BÌNH,Bình Dương,ACTIVE
110_TP,THẠNH PHƯỚC,Bình Dương,ACTIVE
110_KV,KHÁNH VÂN,Bình Dương,ACTIVE
110_KB,KHÁNH BÌNH,Bình Dương,ACTIVE
110_TU,TÂN UYÊN,Bình Dương,ACTIVE
110_ĐC,ĐẤT CUỐC,Bình Dương,ACTIVE
110_TG,THUẬN GIAO,Bình Dương,ACTIVE
110_HĐ,HƯNG ĐỊNH,Bình Dương,ACTIVE
110_MH,MỸ HÒA,Bình Dương,ACTIVE
110_TH,THỚI HÒA,Bình Dương,ACTIVE
220_BH,BÌNH HÒA,Bình Dương,ACTIVE
===FEEDERS===
﻿Mã phát tuyến,Tên phát tuyến,Trạm 110kV,Trạng thái
471-GĐ,471 THƯ VIỆN,GÒ ĐẬU,ACTIVE
473-GĐ,473 THỊ XÃ,GÒ ĐẬU,ACTIVE
475-GĐ,475 NHÀ MÁY ĐƯỜNG,GÒ ĐẬU,ACTIVE
477-GĐ,477 LÁI THIÊU,GÒ ĐẬU,ACTIVE
479-GĐ,479 DỊNH HÒA,GÒ ĐẬU,ACTIVE
481-GĐ,481 SAO QUỲ,GÒ ĐẬU,ACTIVE
472-GĐ,472 SƯ BẢY,GÒ ĐẬU,ACTIVE
474-GĐ,474 MŨI DÙI,GÒ ĐẬU,ACTIVE
476-GĐ,476 TÂN KHÁNH,GÒ ĐẬU,ACTIVE
478-GĐ,478 SUỐI CÁT,GÒ ĐẬU,ACTIVE
480-GĐ,480 METRO,GÒ ĐẬU,ACTIVE
482-GĐ,482 THẠNH HÒA,GÒ ĐẬU,ACTIVE
471-BB,471 ĐẠI ĐĂNG,BÀU BÈO,ACTIVE
473-BB,473 CÂY VIẾT,BÀU BÈO,ACTIVE
477-BB,477 VSIP II,BÀU BÈO,ACTIVE
479-BB,479 KIM HUY,BÀU BÈO,ACTIVE
472-BB,472 BÌNH QUỚI,BÀU BÈO,ACTIVE
474-BB,474 GMT,BÀU BÈO,ACTIVE
476-BB,476 SÓNG THẦN 3,BÀU BÈO,ACTIVE
478-BB,478 ĐẠI THIÊN LỘC 1,BÀU BÈO,ACTIVE
480-BB,480 ĐẠI THIÊN LỘC 2,BÀU BÈO,ACTIVE
471-VT,471 PHÚ LỢI,VĨNH TRƯỜNG,ACTIVE
473-VT,473 ĐIỆN BIÊN,VĨNH TRƯỜNG,ACTIVE
475-VT,475 KIM MÃ,VĨNH TRƯỜNG,ACTIVE
477-VT,477 SÂN BAY,VĨNH TRƯỜNG,ACTIVE
479-VT,478 NAM SƠN,VĨNH TRƯỜNG,ACTIVE
472-VT,472 TÂN HÒA,VĨNH TRƯỜNG,ACTIVE
474-VT,474 PHÚ MỸ,VĨNH TRƯỜNG,ACTIVE
476-VT,476 CƠ QUAN,VĨNH TRƯỜNG,ACTIVE
478-VT,478 VĨNH AN,VĨNH TRƯỜNG,ACTIVE
480-VT,480 LỢI LỘC,VĨNH TRƯỜNG,ACTIVE
471-VH,471 TÂN HỘI,VĨNH HIỆP,ACTIVE
473-VH,473 UY ĐẠT,VĨNH HIỆP,ACTIVE
475-VH,475 HOA NET,VĨNH HIỆP,ACTIVE
477-VH,477 BẾN SẮN,VĨNH HIỆP,ACTIVE
479-VH,479 ĐA THÀNH,VĨNH HIỆP,ACTIVE
472-VH,472 KIM PHONG,VĨNH HIỆP,ACTIVE
474-VH,474 THIÊN PHÚ,VĨNH HIỆP,ACTIVE
476-VH,476 NGUYỄN KHUYẾN,VĨNH HIỆP,ACTIVE
478-VH,478 ASTRO,VĨNH HIỆP,ACTIVE
480-VH,480 TẠO LỰC,VĨNH HIỆP,ACTIVE
461-VH,461 BÌNH DƯƠNG,VĨNH HIỆP,ACTIVE
463-VH,463 THỰC PHẨM TH,VĨNH HIỆP,ACTIVE
465-VH,465 PHÚ THỌ,VĨNH HIỆP,ACTIVE
467-VH,467 TÂN HIỆP,VĨNH HIỆP,ACTIVE
471-VL,471 HOÀNG GIA PHÁT,VĨNH LỢI,ACTIVE
473-VL,473 TETRA PAK,VĨNH LỢI,ACTIVE
475-VL,475 QUÂN CHÍ,VĨNH LỢI,ACTIVE
477-VL,477 VĨNH PHÚ,VĨNH LỢI,ACTIVE
479-VL,479 BẠCH ĐẰNG,VĨNH LỢI,ACTIVE
472-VL,472 VIỆT NHÂN,VĨNH LỢI,ACTIVE
474-VL,474 ĐẠI NGHĨA,VĨNH LỢI,ACTIVE
476-VL,476 NHÀ XƯỞNG,VĨNH LỢI,ACTIVE
478-VL,478 LIÊN HƯNG,VĨNH LỢI,ACTIVE
480-VL,480 VĨNH LỢI,VĨNH LỢI,ACTIVE
471-HP,471 HOÀNG SINH,HÒA PHÚ,ACTIVE
473-HP,473 THÀNH PHỐ,HÒA PHÚ,ACTIVE
475-HP,475 VÀNH ĐAI,HÒA PHÚ,ACTIVE
477-HP,477 ĐẠI HỌC,HÒA PHÚ,ACTIVE
472-HP,472 KHO VẬN,HÒA PHÚ,ACTIVE
476-HP,476 NHẬT HUY,HÒA PHÚ,ACTIVE
478-HP,478 FOSTER,HÒA PHÚ,ACTIVE
480-HP,482MAPLETREE,HÒA PHÚ,ACTIVE
482-HP,482 SUỐI SỎI,HÒA PHÚ,ACTIVE
469-HP,469 TÒA THÁP,HÒA PHÚ,ACTIVE
471-HL,471 KIMOANH,HÒA LỢI,ACTIVE
473-HL,473 PHÚ GIA,HÒA LỢI,ACTIVE
475-HL,475 TÍN MỸ,HÒA LỢI,ACTIVE
477-HL,477 TIỀN PHONG,HÒA LỢI,ACTIVE
479-HL,479 NAM KIM,HÒA LỢI,ACTIVE
472-HL,472 BẾN ĐỒN,HÒA LỢI,ACTIVE
474-HL,474 THẠCH ANH,HÒA LỢI,ACTIVE
476-HL,476 PHÚ NGHỊ,HÒA LỢI,ACTIVE
478-HL,478 ĐÔNG Á,HÒA LỢI,ACTIVE
480-HL,480 XÓM MỚI,HÒA LỢI,ACTIVE
471-HB,471 VĨNH TÂN,HÒA BÌNH,ACTIVE
473-HB,473 NISSIN,HÒA BÌNH,ACTIVE
475-HB,475 THANH HOA,HÒA BÌNH,ACTIVE
477-HB,477 PHƯƠNG VY,HÒA BÌNH,ACTIVE
472-HB,472 ĐÔNG DƯƠNG,HÒA BÌNH,ACTIVE
474-HB,474 MAI THƯ,HÒA BÌNH,ACTIVE
476-HB,476 NAM SUNG,HÒA BÌNH,ACTIVE
478-HB,478 DÂN CHỦ,HÒA BÌNH,ACTIVE
480-HB,480 GIAI MỸ,HÒA BÌNH,ACTIVE
471-TP,471 TỔNG BẢN,THẠNH PHƯỚC,ACTIVE
473-TP,473 THẢO NGƯ,THẠNH PHƯỚC,ACTIVE
475-TP,475 TÂN LƯƠNG,THẠNH PHƯỚC,ACTIVE
477-TP,477 NHỰT THANH,THẠNH PHƯỚC,ACTIVE
479-TP,479 GÒ TRẮC,THẠNH PHƯỚC,ACTIVE
472-TP,472 XÓM SÔNG,THẠNH PHƯỚC,ACTIVE
474-TP,474 THÁP CANH,THẠNH PHƯỚC,ACTIVE
476-TP,476 THIÊN THAI,THẠNH PHƯỚC,ACTIVE
478-TP,478 DƯ KHÁNH,THẠNH PHƯỚC,ACTIVE
480-TP,480 CÂY ĐA,THẠNH PHƯỚC,ACTIVE
471-KV,471 QUANG VINH,KHÁNH VÂN,ACTIVE
473-KV,473 KIỆT PHÁT,KHÁNH VÂN,ACTIVE
475-KV,475 HỒ NAM,KHÁNH VÂN,ACTIVE
477-KV,477 KHÁNH HÒA,KHÁNH VÂN,ACTIVE
479-KV,479 GÒ SỞ,KHÁNH VÂN,ACTIVE
472-KV,472 KHÁNH LỘC,KHÁNH VÂN,ACTIVE
474-KV,474 CẦU XÉO,KHÁNH VÂN,ACTIVE
476-KV,476 VINH ĐA,KHÁNH VÂN,ACTIVE
478-KV,476 GÒ LŨY,KHÁNH VÂN,ACTIVE
480-KV,480 LÝ ĐAN,KHÁNH VÂN,ACTIVE
471-KB,471 CÂY QUÉO,KHÁNH BÌNH,ACTIVE
473-KB,473 BÌNH KHÁNH,KHÁNH BÌNH,ACTIVE
475-KB,475 AN LỘC,KHÁNH BÌNH,ACTIVE
477-KB,477 LONG BÌNH,KHÁNH BÌNH,ACTIVE
472-KB,472 HƯNG LỢI,KHÁNH BÌNH,ACTIVE
474-KB,474 CƯỜNG THỊNH,KHÁNH BÌNH,ACTIVE
478-KB,478 NHÀ THỜ,KHÁNH BÌNH,ACTIVE
480-KB,480 TẤN LỘC,KHÁNH BÌNH,ACTIVE
463-KB,463 QUANG PHÚC,KHÁNH BÌNH,ACTIVE
465-KB,465 CĂN VIỄN,KHÁNH BÌNH,ACTIVE
467-KB,467 THẠCH BÀN,KHÁNH BÌNH,ACTIVE
469-KB,469 ĐÔNG HƯNG,KHÁNH BÌNH,ACTIVE
473-TU,473 SONG LONG,TÂN UYÊN,ACTIVE
475-TU,475 HOÀNG MAI,TÂN UYÊN,ACTIVE
477-TU,477 TÂN VĨNH HIỆP,TÂN UYÊN,ACTIVE
479-TU,479 THẠNH PHƯỚC,TÂN UYÊN,ACTIVE
481-TU,481 UYÊN HƯNG,TÂN UYÊN,ACTIVE
472-TU,472 BÌNH CHÁNH,TÂN UYÊN,ACTIVE
474-TU,474 CAOSUMINA,TÂN UYÊN,ACTIVE
476-TU,476 TIẾN TRIỂN,TÂN UYÊN,ACTIVE
478-TU,478 NAM TÂN UYÊN,TÂN UYÊN,ACTIVE
480-TU,480 TRƯỜNG THÀNH,TÂN UYÊN,ACTIVE
471-ĐC,471 VƯỜN DẦU,ĐẤT CUỐC,ACTIVE
473-ĐC,473 LÂM TRƯỜNG,ĐẤT CUỐC,ACTIVE
475-ĐC,475 VINA,ĐẤT CUỐC,ACTIVE
477-ĐC,477 AN PHÚC,ĐẤT CUỐC,ACTIVE
479-ĐC,478 NGŨ KIM,ĐẤT CUỐC,ACTIVE
472-ĐC,472 TUỆ MINH,ĐẤT CUỐC,ACTIVE
474-ĐC,474 HỐC RÂM,ĐẤT CUỐC,ACTIVE
476-ĐC,476 CÂY TRẮC,ĐẤT CUỐC,ACTIVE
478-ĐC,478 ĐÁ BÀN,ĐẤT CUỐC,ACTIVE
480-ĐC,480 TÂN LỢI,ĐẤT CUỐC,ACTIVE
471-TG,471 MỸ HIỆP,THUẬN GIAO,ACTIVE
473-TG,473 BA ĐÌNH,THUẬN GIAO,ACTIVE
475-TG,475 AN HÒA,THUẬN GIAO,ACTIVE
472-TG,472 GÒ TRẮNG,THUẬN GIAO,ACTIVE
474-HĐ,474 THIÊN HÒA,HƯNG ĐỊNH,ACTIVE
471-MH,471 HỒ SEN,MỸ HÒA,ACTIVE
474-MH,474 CHÒM CHAY,MỸ HÒA,ACTIVE
479-TH,479 BẾN VÀN,THỚI HÒA,ACTIVE
479-BH,479 BÌNH CHUẨN,BÌNH HÒA,ACTIVE
===DEVICES===
device_id,name,device_type,pole_number,Mã phát tuyến,substation_code,unit,team,status,switch_status,scada_status,relay_79,image_url,google_maps_url
LBS-471GĐ-001,LBS-63 THƯ VIỆN,LBS,TRỤ 63,471-GĐ,110_GĐ,ĐIỆN LỰC BÌNH DƯƠNG,ĐỘI QLVH,ACTIVE,CLOSED,SIGNAL,N_A,,
LBS-471GĐ-002,LBS-67 THƯ VIỆN,LBS,TRỤ 67,471-GĐ,110_GĐ,ĐIỆN LỰC BÌNH DƯƠNG,ĐỘI QLVH,ACTIVE,CLOSED,SIGNAL,N_A,,
LBS-471GĐ-003,LBS-77 THƯ VIỆN,LBS,TRỤ 77,471-GĐ,110_GĐ,ĐIỆN LỰC BÌNH DƯƠNG,ĐỘI QLVH,ACTIVE,CLOSED,SIGNAL,N_A,,
LBS-471GĐ-004,LBS-96 THƯ VIỆN,LBS,TRỤ 96,471-GĐ,110_GĐ,ĐIỆN LỰC BÌNH DƯƠNG,ĐỘI QLVH,ACTIVE,CLOSED,SIGNAL,N_A,,
LBS-471GĐ-005,LBS-107B CHÁNH THIỆN,LBS,TRỤ 107,471-GĐ,110_GĐ,ĐIỆN LỰC BÌNH DƯƠNG,ĐỘI QLVH,ACTIVE,CLOSED,SIGNAL,N_A,,
LBS-473GĐ-006,LBS-25 THỊ XÃ,LBS,TRỤ 25,473-GĐ,110_GĐ,ĐIỆN LỰC BÌNH DƯƠNG,ĐỘI QLVH,ACTIVE,CLOSED,SIGNAL,N_A,,
LBS-473GĐ-007,LBS-01 SÒ ĐO,LBS,TRỤ 01,473-GĐ,110_GĐ,ĐIỆN LỰC BÌNH DƯƠNG,ĐỘI QLVH,ACTIVE,CLOSED,SIGNAL,N_A,,
LBS-473GĐ-008,LBS-36 THỊ XÃ,LBS,TRỤ 36,473-GĐ,110_GĐ,ĐIỆN LỰC BÌNH DƯƠNG,ĐỘI QLVH,ACTIVE,CLOSED,SIGNAL,N_A,,
LBS-473GĐ-009,LBS-51 LÝ THƯỜNG KIỆT,LBS,TRỤ 51,473-GĐ,110_GĐ,ĐIỆN LỰC BÌNH DƯƠNG,ĐỘI QLVH,ACTIVE,CLOSED,SIGNAL,N_A,,
LBS-473GĐ-010,LBS-01 MỸ THUẬT,LBS,TRỤ 01,473-GĐ,110_GĐ,ĐIỆN LỰC BÌNH DƯƠNG,ĐỘI QLVH,ACTIVE,CLOSED,SIGNAL,N_A,,
LBS-473GĐ-011,LBS-58 THỊ XÃ,LBS,TRỤ 58,473-GĐ,110_GĐ,ĐIỆN LỰC BÌNH DƯƠNG,ĐỘI QLVH,ACTIVE,CLOSED,SIGNAL,N_A,,
LBS-473GĐ-012,LBS-76 THỊ XÃ,LBS,TRỤ 76,473-GĐ,110_GĐ,ĐIỆN LỰC BÌNH DƯƠNG,ĐỘI QLVH,ACTIVE,CLOSED,SIGNAL,N_A,,
LBS-473GĐ-013,LBS-27 NHÀ THỜ,LBS,TRỤ 27,473-GĐ,110_GĐ,ĐIỆN LỰC BÌNH DƯƠNG,ĐỘI QLVH,ACTIVE,OPEN,SIGNAL,N_A,,
LBS-473GĐ-014,LBS-104 THỊ XÃ,LBS,TRỤ 104,473-GĐ,110_GĐ,ĐIỆN LỰC BÌNH DƯƠNG,ĐỘI QLVH,ACTIVE,CLOSED,SIGNAL,N_A,,
LBS-473GĐ-015,LBS-02 NGÔ QUYỀN,LBS,TRỤ 02,473-GĐ,110_GĐ,ĐIỆN LỰC BÌNH DƯƠNG,ĐỘI QLVH,ACTIVE,CLOSED,SIGNAL,N_A,,
LBS-473GĐ-016,LBS-85 BÁC SĨ THÁI,LBS,TRỤ 85,473-GĐ,110_GĐ,ĐIỆN LỰC BÌNH DƯƠNG,ĐỘI QLVH,ACTIVE,CLOSED,SIGNAL,N_A,,
LBS-473GĐ-017,LBS-104 THỊ XÃ,LBS,TRỤ 104,473-GĐ,110_GĐ,ĐIỆN LỰC BÌNH DƯƠNG,ĐỘI QLVH,ACTIVE,CLOSED,SIGNAL,N_A,,
LBS-473GĐ-018,LBS-01 SỞ CÔNG AN,LBS,TRỤ 01,473-GĐ,110_GĐ,ĐIỆN LỰC BÌNH DƯƠNG,ĐỘI QLVH,ACTIVE,CLOSED,SIGNAL,N_A,,
LBS-473GĐ-019,LBS-01 NHÀ MÁY NƯỚC,LBS,TRỤ 02,473-GĐ,110_GĐ,ĐIỆN LỰC BÌNH DƯƠNG,ĐỘI QLVH,ACTIVE,CLOSED,SIGNAL,N_A,,
LBS-473GĐ-020,LBS-01 NR 259,LBS,TRỤ 01,473-GĐ,110_GĐ,ĐIỆN LỰC BÌNH DƯƠNG,ĐỘI QLVH,ACTIVE,CLOSED,SIGNAL,N_A,,
LBS-473GĐ-021,LBS-16 NR 260,LBS,TRỤ 16,473-GĐ,110_GĐ,ĐIỆN LỰC BÌNH DƯƠNG,ĐỘI QLVH,ACTIVE,CLOSED,SIGNAL,N_A,,
LBS-473GĐ-022,LBS-26 NR 260,LBS,TRỤ 26,473-GĐ,110_GĐ,ĐIỆN LỰC BÌNH DƯƠNG,ĐỘI QLVH,ACTIVE,CLOSED,SIGNAL,N_A,,
LBS-473GĐ-023,LBS-15 CHÁNH MỸ 2,LBS,TRỤ 15,473-GĐ,110_GĐ,ĐIỆN LỰC BÌNH DƯƠNG,ĐỘI QLVH,ACTIVE,CLOSED,SIGNAL,N_A,,
LBS-473GĐ-024,LBS-38 CHÁNH MỸ 2,LBS,TRỤ 38,473-GĐ,110_GĐ,ĐIỆN LỰC BÌNH DƯƠNG,ĐỘI QLVH,ACTIVE,CLOSED,SIGNAL,N_A,,
LBS-473GĐ-025,LBS-01 MỸ HẢO,LBS,TRỤ 01,473-GĐ,110_GĐ,ĐIỆN LỰC BÌNH DƯƠNG,ĐỘI QLVH,ACTIVE,CLOSED,SIGNAL,N_A,,
LBS-475GĐ-026,LBS-02 BÙI QUỐC KHÁNH,LBS,TRỤ 02,475-GĐ,110_GĐ,ĐIỆN LỰC BÌNH DƯƠNG,ĐỘI QLVH,ACTIVE,CLOSED,SIGNAL,N_A,,
LBS-475GĐ-027,LBS-11A BÙI QUỐC KHÁNH,LBS,TRỤ 11A,475-GĐ,110_GĐ,ĐIỆN LỰC BÌNH DƯƠNG,ĐỘI QLVH,ACTIVE,CLOSED,SIGNAL,N_A,,
LBS-475GĐ-028,LBS-03 NGUYỄN TRI PHƯƠNG,LBS,TRỤ 03,475-GĐ,110_GĐ,ĐIỆN LỰC BÌNH DƯƠNG,ĐỘI QLVH,ACTIVE,CLOSED,SIGNAL,N_A,,
LBS-475GĐ-029,LBS-43 NGUYỄN TRI PHƯƠNG,LBS,TRỤ 43,475-GĐ,110_GĐ,ĐIỆN LỰC BÌNH DƯƠNG,ĐỘI QLVH,ACTIVE,CLOSED,SIGNAL,N_A,,
LBS-475GĐ-030,LBS-03 BIỆT THỰ PHÚ THỊNH,LBS,TRỤ 03,475-GĐ,110_GĐ,ĐIỆN LỰC BÌNH DƯƠNG,ĐỘI QLVH,ACTIVE,CLOSED,SIGNAL,N_A,,
LBS-475GĐ-031,LBS-41 NHÀ MÁY ĐƯỜNG,LBS,TRỤ 41,475-GĐ,110_GĐ,ĐIỆN LỰC BÌNH DƯƠNG,ĐỘI QLVH,ACTIVE,CLOSED,SIGNAL,N_A,,
LBS-477GĐ-032,LBS-03 VÕ TẤN,LBS,TRỤ 03,477-GĐ,110_GĐ,ĐIỆN LỰC BÌNH DƯƠNG,ĐỘI QLVH,ACTIVE,CLOSED,SIGNAL,N_A,,
LBS-477GĐ-033,LBS-15 VÕ TẤN,LBS,TRỤ 15,477-GĐ,110_GĐ,ĐIỆN LỰC BÌNH DƯƠNG,ĐỘI QLVH,ACTIVE,CLOSED,SIGNAL,N_A,,
LBS-477GĐ-034,LBS-18 PHÚ THỌ,LBS,TRỤ 18,477-GĐ,110_GĐ,ĐIỆN LỰC BÌNH DƯƠNG,ĐỘI QLVH,ACTIVE,CLOSED,SIGNAL,N_A,,
LBS-477GĐ-035,LBS-87 GÒ MỸ,LBS,TRỤ 87,477-GĐ,110_GĐ,ĐIỆN LỰC BÌNH DƯƠNG,ĐỘI QLVH,ACTIVE,CLOSED,SIGNAL,N_A,,
LBS-477GĐ-036,LBS-75 CÂY ME,LBS,TRỤ 75,477-GĐ,110_GĐ,ĐIỆN LỰC BÌNH DƯƠNG,ĐỘI QLVH,ACTIVE,CLOSED,SIGNAL,N_A,,
LBS-477GĐ-037,LBS-02 BẾN THẾ,LBS,TRỤ 02,477-GĐ,110_GĐ,ĐIỆN LỰC BÌNH DƯƠNG,ĐỘI QLVH,ACTIVE,CLOSED,SIGNAL,N_A,,
LBS-477GĐ-038,LBS-28 LƯƠNG SƠN,LBS,TRỤ 28,472-GĐ,110_GĐ,ĐIỆN LỰC BÌNH DƯƠNG,ĐỘI QLVH,ACTIVE,CLOSED,SIGNAL,N_A,,
LBS-477GĐ-039,LBS-82 SƯ 7,LBS,TRỤ 82,472-GĐ,110_GĐ,ĐIỆN LỰC BÌNH DƯƠNG,ĐỘI QLVH,ACTIVE,CLOSED,SIGNAL,N_A,,
LBS-477GĐ-040,LBS-169 KHOÁNG SẢN,LBS,TRỤ 169,472-GĐ,110_GĐ,ĐIỆN LỰC BÌNH DƯƠNG,ĐỘI QLVH,ACTIVE,CLOSED,SIGNAL,N_A,,
LBS-474GĐ-041,LBS-39B KDC CHÁNH NGHĨA,LBS,TRỤ 39B,474-GĐ,110_GĐ,ĐIỆN LỰC BÌNH DƯƠNG,ĐỘI QLVH,ACTIVE,CLOSED,SIGNAL,N_A,,
LBS-474GĐ-042,LBS-61B CHỢ ĐÌNH,LBS,TRỤ 61B,474-GĐ,110_GĐ,ĐIỆN LỰC BÌNH DƯƠNG,ĐỘI QLVH,ACTIVE,CLOSED,SIGNAL,N_A,,
LBS-474GĐ-043,LBS-03 THỊ ỦY,LBS,TRỤ 03,474-GĐ,110_GĐ,ĐIỆN LỰC BÌNH DƯƠNG,ĐỘI QLVH,ACTIVE,CLOSED,SIGNAL,N_A,,
LBS-478GĐ-044,LBS-08 KIM DUNG,LBS,TRỤ 08,478-GĐ,110_GĐ,ĐIỆN LỰC BÌNH DƯƠNG,ĐỘI QLVH,ACTIVE,OPEN,SIGNAL,N_A,,
LBS-480GĐ-045,LBS-01 NGÃ TƯ ĐỊA CHẤT,LBS,TRỤ 01,480-GĐ,110_GĐ,ĐIỆN LỰC BÌNH DƯƠNG,ĐỘI QLVH,ACTIVE,CLOSED,SIGNAL,N_A,,
LBS-480GĐ-046,LBS-18 PHÚ THỌ,LBS,TRỤ 18,480-GĐ,110_GĐ,ĐIỆN LỰC BÌNH DƯƠNG,ĐỘI QLVH,ACTIVE,OPEN,SIGNAL,N_A,,
LBS-480GĐ-047,LBS-72 THẠNH HÒA,LBS,TRỤ 72,480-GĐ,110_GĐ,ĐIỆN LỰC BÌNH DƯƠNG,ĐỘI QLVH,ACTIVE,OPEN,SIGNAL,N_A,,
LBS-471BB-048,LBS-41 PHÚ MỸ,LBS,TRỤ 41,471-BB,110_BB,ĐIỆN LỰC BÌNH DƯƠNG,ĐỘI QLVH,ACTIVE,OPEN,SIGNAL,N_A,,
LBS-471BB-049,LBS-80 BB VIỆT HẢO,LBS,TRỤ 80,471-BB,110_BB,ĐIỆN LỰC BÌNH DƯƠNG,ĐỘI QLVH,ACTIVE,CLOSED,SIGNAL,N_A,,
LBS-471BB-050,LBS-62 PHẠM NGỌC THẠCH,LBS,TRỤ 62,471-BB,110_BB,ĐIỆN LỰC BÌNH DƯƠNG,ĐỘI QLVH,ACTIVE,OPEN,SIGNAL,N_A,,
LBS-471BB-051,LBS-63 PHÚ MỸ,LBS,TRỤ 63,471-BB,110_BB,ĐIỆN LỰC BÌNH DƯƠNG,ĐỘI QLVH,ACTIVE,CLOSED,SIGNAL,N_A,,
LBS-471BB-052,LBS-69B BB PHÚ MỸ,LBS,TRỤ 69B,471-BB,110_BB,ĐIỆN LỰC BÌNH DƯƠNG,ĐỘI QLVH,ACTIVE,CLOSED,SIGNAL,N_A,,
LBS-471BB-053,LBS-01 TRẦN NGỌC LÊN,LBS,TRỤ 01,471-BB,110_BB,ĐIỆN LỰC BÌNH DƯƠNG,ĐỘI QLVH,ACTIVE,OPEN,SIGNAL,N_A,,
LBS-477BB-054,LBS-46 ĐƯỜNG N6,LBS,TRỤ 46,477-BB,110_BB,ĐIỆN LỰC BÌNH DƯƠNG,ĐỘI QLVH,ACTIVE,OPEN,SIGNAL,N_A,,
LBS-479BB-055,LBS-01 ĐƯỜNG N5,LBS,TRỤ 01,479-BB,110_BB,ĐIỆN LỰC BÌNH DƯƠNG,ĐỘI QLVH,ACTIVE,CLOSED,SIGNAL,N_A,,
LBS-474BB-056,LBS-05 ĐƯỜNG SỐ 4 KCN SÓNG THẦN 3,LBS,TRỤ 05,474-BB,110_BB,ĐIỆN LỰC BÌNH DƯƠNG,ĐỘI QLVH,ACTIVE,CLOSED,SIGNAL,N_A,,
LBS-474BB-057,LBS-01 ĐƯỜNG N2,LBS,TRỤ 01,474-BB,110_BB,ĐIỆN LỰC BÌNH DƯƠNG,ĐỘI QLVH,ACTIVE,CLOSED,SIGNAL,N_A,,
LBS-480BB-058,LBS-01 ĐƯỜNG N4-2 ST3,LBS,TRỤ 01,480-BB,110_BB,ĐIỆN LỰC BÌNH DƯƠNG,ĐỘI QLVH,ACTIVE,CLOSED,SIGNAL,N_A,,
LBS-480BB-059,LBS-11 ĐƯỜNG N4-2 ST3,LBS,TRỤ 11,480-BB,110_BB,ĐIỆN LỰC BÌNH DƯƠNG,ĐỘI QLVH,ACTIVE,CLOSED,SIGNAL,N_A,,
LBS-480BB-060,LBS-17 ĐƯỜNG N5,LBS,TRỤ 17,480-BB,110_BB,ĐIỆN LỰC BÌNH DƯƠNG,ĐỘI QLVH,ACTIVE,CLOSED,SIGNAL,N_A,,
LBS-480BB-061,LBS-01 ĐƯỜNG N5,LBS,TRỤ 01,480-BB,110_BB,ĐIỆN LỰC BÌNH DƯƠNG,ĐỘI QLVH,ACTIVE,CLOSED,SIGNAL,N_A,,
LBS-471VT-062,LBS-155 SƯ BẢY,LBS,TRỤ 155,471-VT,110_VT,ĐIỆN LỰC BÌNH DƯƠNG,ĐỘI QLVH,ACTIVE,CLOSED,SIGNAL,N_A,,
LBS-471VT-063,LBS-154 SHIJAR,LBS,TRỤ 154,471-VT,110_VT,ĐIỆN LỰC BÌNH DƯƠNG,ĐỘI QLVH,ACTIVE,CLOSED,SIGNAL,N_A,,
LBS-471VT-064,LBS-02 HÒA THẠNH,LBS,TRỤ 02,471-VT,110_VT,ĐIỆN LỰC BÌNH DƯƠNG,ĐỘI QLVH,ACTIVE,CLOSED,SIGNAL,N_A,,
LBS-471VT-065,LBS-113 CHỢ PHÚ HÒA,LBS,TRỤ 113,471-VT,110_VT,ĐIỆN LỰC BÌNH DƯƠNG,ĐỘI QLVH,ACTIVE,CLOSED,SIGNAL,N_A,,
LBS-471VT-066,LBS-82 SƯ BẢY,LBS,TRỤ 82,471-VT,110_VT,ĐIỆN LỰC BÌNH DƯƠNG,ĐỘI QLVH,ACTIVE,OPEN,SIGNAL,N_A,,
LBS-473VT-067,LBS-138 TÂN KHÁNH,LBS,TRỤ 138,473-VT,110_VT,ĐIỆN LỰC BÌNH DƯƠNG,ĐỘI QLVH,ACTIVE,CLOSED,SIGNAL,N_A,,
LBS-473VT-068,LBS-02 KHU CƠ QUAN,LBS,TRỤ 02,473-VT,110_VT,ĐIỆN LỰC BÌNH DƯƠNG,ĐỘI QLVH,ACTIVE,CLOSED,SIGNAL,N_A,,
LBS-473VT-069,LBS-41B PHÚ MỸ,LBS,TRỤ 41B,473-VT,110_VT,ĐIỆN LỰC BÌNH DƯƠNG,ĐỘI QLVH,ACTIVE,OPEN,SIGNAL,N_A,,
LBS-475VT-070,LBS-15B TÂN KHÁNH,LBS,TRỤ 15B,475-VT,110_VT,ĐIỆN LỰC BÌNH DƯƠNG,ĐỘI QLVH,ACTIVE,CLOSED,SIGNAL,N_A,,
LBS-475VT-071,LBS-02 TÂN KHÁNH,LBS,TRỤ 02,475-VT,110_VT,ĐIỆN LỰC BÌNH DƯƠNG,ĐỘI QLVH,ACTIVE,CLOSED,SIGNAL,N_A,,
LBS-477VT-072,LBS-01 STUNG CHANG,LBS,TRỤ 01,477-VT,110_VT,ĐIỆN LỰC BÌNH DƯƠNG,ĐỘI QLVH,ACTIVE,CLOSED,SIGNAL,N_A,,
LBS-477VT-073,LBS-41 ĐÀI CHIẾN THẮNG,LBS,TRỤ 41,477-VT,110_VT,ĐIỆN LỰC BÌNH DƯƠNG,ĐỘI QLVH,ACTIVE,OPEN,SIGNAL,N_A,,
LBS-474VT-074,LBS-01 ĐƯỜNG N1,LBS,TRỤ 01,474-VT,110_VT,ĐIỆN LỰC BÌNH DƯƠNG,ĐỘI QLVH,ACTIVE,OPEN,SIGNAL,N_A,,
LBS-480VT-075,LBS-03 LỢI LỘC,LBS,TRỤ 33,480-VT,110_VT,ĐIỆN LỰC BÌNH DƯƠNG,ĐỘI QLVH,ACTIVE,CLOSED,SIGNAL,N_A,,
LBS-480VT-076,LBS-01B FULL POWER,LBS,TRỤ 01B,480-VT,110_VT,ĐIỆN LỰC BÌNH DƯƠNG,ĐỘI QLVH,ACTIVE,CLOSED,SIGNAL,N_A,,
LBS-480VT-077,LBS-01 KHU 7 HÓA NHẬT,LBS,TRỤ 01,480-VT,110_VT,ĐIỆN LỰC BÌNH DƯƠNG,ĐỘI QLVH,ACTIVE,CLOSED,SIGNAL,N_A,,
LBS-471VH-078,LBS-36 TÂN HỘI,LBS,TRỤ 36,471-VH,110_VH,ĐIỆN LỰC BÌNH DƯƠNG,ĐỘI QLVH,ACTIVE,CLOSED,SIGNAL,N_A,,
LBS-475VH-079,LBS-50 ĐƯỜNG SỐ 4,LBS,TRỤ 50,475-VH,110_VH,ĐIỆN LỰC BÌNH DƯƠNG,ĐỘI QLVH,ACTIVE,CLOSED,SIGNAL,N_A,,
LBS-477VH-080,LBS-37 BẾN SẮN,LBS,TRỤ 37,477-VH,110_VH,ĐIỆN LỰC BÌNH DƯƠNG,ĐỘI QLVH,ACTIVE,CLOSED,SIGNAL,N_A,,
LBS-477VH-081,LBS-30 LONG BÌNH,LBS,TRỤ 30,477-VH,110_VH,ĐIỆN LỰC BÌNH DƯƠNG,ĐỘI QLVH,ACTIVE,OPEN,SIGNAL,N_A,,
LBS-479VH-080,LBS-09 ĐA THÀNH,LBS,TRỤ 09,479-VH,110_VH,ĐIỆN LỰC BÌNH DƯƠNG,ĐỘI QLVH,ACTIVE,CLOSED,SIGNAL,N_A,,
LBS-479VH-082,LBS-04 UB TÂN HIỆP,LBS,TRỤ 04,479-VH,110_VH,ĐIỆN LỰC BÌNH DƯƠNG,ĐỘI QLVH,ACTIVE,CLOSED,SIGNAL,N_A,,
LBS-479VH-083,LBS-67 SỞ BÁT GIẬT 1,LBS,TRỤ 67,479-VH,110_VH,ĐIỆN LỰC BÌNH DƯƠNG,ĐỘI QLVH,ACTIVE,CLOSED,SIGNAL,N_A,,
LBS-479VH-084,LBS-101 SỞ BÁT GIẬT 2,LBS,TRỤ 101,479-VH,110_VH,ĐIỆN LỰC BÌNH DƯƠNG,ĐỘI QLVH,ACTIVE,CLOSED,SIGNAL,N_A,,
LBS-479VH-085,LBS-03 ĐÔNG TÂY,LBS,TRỤ 03,479-VH,110_VH,ĐIỆN LỰC BÌNH DƯƠNG,ĐỘI QLVH,ACTIVE,CLOSED,SIGNAL,N_A,,
LBS-479VH-086,LBS-80B CƯỜNG THỊNH,LBS,TRỤ 80B,479-VH,110_VH,ĐIỆN LỰC BÌNH DƯƠNG,ĐỘI QLVH,ACTIVE,OPEN,SIGNAL,N_A,,
LBS-472VH-087,LBS-46 ĐƯỜNG N6,LBS,TRỤ 46,472-VH,110_VH,ĐIỆN LỰC BÌNH DƯƠNG,ĐỘI QLVH,ACTIVE,OPEN,SIGNAL,N_A,,
LBS-474VH-088,LBS-51 TÂN BÌNH 2,LBS,TRỤ 51,474-VH,110_VH,ĐIỆN LỰC BÌNH DƯƠNG,ĐỘI QLVH,ACTIVE,CLOSED,SIGNAL,N_A,,
LBS-480VH-099,LBS-01 CỤM CN PHÚ CHÁNH,LBS,TRỤ 01,480-VH,110_VH,ĐIỆN LỰC BÌNH DƯƠNG,ĐỘI QLVH,ACTIVE,CLOSED,SIGNAL,N_A,,
LBS-480VH-100,LBS-54 CẦU THỢ ỤT,LBS,TRỤ 54,480-VH,110_VH,ĐIỆN LỰC BÌNH DƯƠNG,ĐỘI QLVH,ACTIVE,OPEN,SIGNAL,N_A,,
LBS-471VL-101,LBS-02 GẠCH BÌNH MỸ,LBS,TRỤ 02,471-VL,110_VL,ĐIỆN LỰC BÌNH DƯƠNG,ĐỘI QLVH,ACTIVE,CLOSED,SIGNAL,N_A,,
LBS-479VL-102,LBS-18 ĐƯỜNG 32 NỐI DÀI,LBS,TRỤ 32,479-VL,110_VL,ĐIỆN LỰC BÌNH DƯƠNG,ĐỘI QLVH,ACTIVE,CLOSED,SIGNAL,N_A,,
LBS-479VL-103,LBS-22 ĐƯỜNG 32,LBS,TRỤ 22,479-VL,110_VL,ĐIỆN LỰC BÌNH DƯƠNG,ĐỘI QLVH,ACTIVE,CLOSED,SIGNAL,N_A,,
LBS-479VL-104,LBS-87 NAM SUNG,LBS,TRỤ 87,479-VL,110_VL,ĐIỆN LỰC BÌNH DƯƠNG,ĐỘI QLVH,ACTIVE,OPEN,SIGNAL,N_A,,
LBS-478VL-105,LBS-19 ĐƯỜNG 30 NỐI DÀI,LBS,TRỤ 19,478-VL,110_VL,ĐIỆN LỰC BÌNH DƯƠNG,ĐỘI QLVH,ACTIVE,CLOSED,SIGNAL,N_A,,
LBS-480VL-106,LBS-01 ĐƯỜNG NB5,LBS,TRỤ 01,480-VL,110_VL,ĐIỆN LỰC BÌNH DƯƠNG,ĐỘI QLVH,ACTIVE,CLOSED,SIGNAL,N_A,,
LBS-471HP-107,LBS-17 HÒA BÌNH,LBS,TRỤ 17,471-HP,110_HP,ĐIỆN LỰC BÌNH DƯƠNG,ĐỘI QLVH,ACTIVE,CLOSED,SIGNAL,N_A,,
LBS-475HP-107,LBS-25 VÀNH ĐAI,LBS,TRỤ 25,475-HP,110_HP,ĐIỆN LỰC BÌNH DƯƠNG,ĐỘI QLVH,ACTIVE,OPEN,SIGNAL,N_A,,
LBS-472HP-108,LBS-04 THỐNG NHẤT,LBS,TRỤ 04,472-HP,110_HP,ĐIỆN LỰC BÌNH DƯƠNG,ĐỘI QLVH,ACTIVE,CLOSED,SIGNAL,N_A,,
LBS-472HP-109,LBS-40 DÂN CHỦ,LBS,TRỤ 40,472-HP,110_HP,ĐIỆN LỰC BÌNH DƯƠNG,ĐỘI QLVH,ACTIVE,OPEN,SIGNAL,N_A,,
LBS-476HP-110,LBS-20 KHU TĐC ĐỊNH HÒA,LBS,TRỤ 20,476-HP,110_HP,ĐIỆN LỰC BÌNH DƯƠNG,ĐỘI QLVH,ACTIVE,CLOSED,SIGNAL,N_A,,
LBS-480HP-111,LBS-96 TẠO LỰC,LBS,TRỤ 96,480-HP,110_HP,ĐIỆN LỰC BÌNH DƯƠNG,ĐỘI QLVH,ACTIVE,OPEN,SIGNAL,N_A,,
LBS-480HP-112,LBS-40 DÂN CHỦ,LBS,TRỤ 40,480-HP,110_HP,ĐIỆN LỰC BÌNH DƯƠNG,ĐỘI QLVH,ACTIVE,OPEN,SIGNAL,N_A,,
LBS-482HP-113,LBS-18 SUỐI SỎI,LBS,TRỤ 18,482-HP,110_HP,ĐIỆN LỰC BÌNH DƯƠNG,ĐỘI QLVH,ACTIVE,OPEN,SIGNAL,N_A,,
LBS-473HL-114,LBS-02 PHÚ GIA,LBS,TRỤ 18,473-HL,110_HL,ĐIỆN LỰC BÌNH DƯƠNG,ĐỘI QLVH,ACTIVE,CLOSED,SIGNAL,N_A,,
LBS-477HL-115,LBS-05 TIỀN PHONG,LBS,TRỤ 05,477-HL,110_HL,ĐIỆN LỰC BÌNH DƯƠNG,ĐỘI QLVH,ACTIVE,CLOSED,SIGNAL,N_A,,
LBS-477HL-116,LBS-15 TÍN MỸ,LBS,TRỤ 15,477-HL,110_HL,ĐIỆN LỰC BÌNH DƯƠNG,ĐỘI QLVH,ACTIVE,CLOSED,SIGNAL,N_A,,
LBS-476HL-117,LBS-22 HÒA LỢI,LBS,TRỤ 22,476-HL,110_HL,ĐIỆN LỰC BÌNH DƯƠNG,ĐỘI QLVH,ACTIVE,CLOSED,SIGNAL,N_A,,
LBS-476HL-118,LBS-01 NR ẤP 6 ĐỊNH HÒA,LBS,TRỤ 01,476-HL,110_HL,ĐIỆN LỰC BÌNH DƯƠNG,ĐỘI QLVH,ACTIVE,CLOSED,SIGNAL,N_A,,
LBS-476HL-119,LBS-04 MỌI NƯỚC,LBS,TRỤ 04,476-HL,110_HL,ĐIỆN LỰC BÌNH DƯƠNG,ĐỘI QLVH,ACTIVE,OPEN,SIGNAL,N_A,,
LBS-478HL-120,LBS-01 NỐI LƯỚI ĐÔNG Á,LBS,TRỤ 01,478-HL,110_HL,ĐIỆN LỰC BÌNH DƯƠNG,ĐỘI QLVH,ACTIVE,CLOSED,SIGNAL,N_A,,
LBS-478HL-121,LBS-26 NỐI LƯỚI MAI THƯ,LBS,TRỤ 26,478-HL,110_HL,ĐIỆN LỰC BÌNH DƯƠNG,ĐỘI QLVH,ACTIVE,CLOSED,SIGNAL,N_A,,
LBS-478HL-122,LBS-44 NỐI LƯỚI MAI THƯ,LBS,TRỤ 44,478-HL,110_HL,ĐIỆN LỰC BÌNH DƯƠNG,ĐỘI QLVH,ACTIVE,OPEN,SIGNAL,N_A,,
LBS-471HB-123,LBS-01 ĐƯỜNG SỐ 26,LBS,TRỤ 01,471-HB,110_HB,ĐIỆN LỰC BÌNH DƯƠNG,ĐỘI QLVH,ACTIVE,OPEN,SIGNAL,N_A,,
LBS-471HB-124,LBS-49 VĨNH TÂN,LBS,TRỤ 49,471-HB,110_HB,ĐIỆN LỰC BÌNH DƯƠNG,ĐỘI QLVH,ACTIVE,CLOSED,SIGNAL,N_A,,
LBS-473HB-125,LBS-23 ĐƯỜNG SỐ 25,LBS,TRỤ 23,473-HB,110_HB,ĐIỆN LỰC BÌNH DƯƠNG,ĐỘI QLVH,ACTIVE,OPEN,SIGNAL,N_A,,
LBS-473HB-126,LBS-02 ĐƯỜNG SỐ 27,LBS,TRỤ 02,473-HB,110_HB,ĐIỆN LỰC BÌNH DƯƠNG,ĐỘI QLVH,ACTIVE,OPEN,SIGNAL,N_A,,
LBS-473HB-127,LBS-01B ĐƯỜNG SỐ 29 NỐI DÀI,LBS,TRỤ 01B,473-HB,110_HB,ĐIỆN LỰC BÌNH DƯƠNG,ĐỘI QLVH,ACTIVE,CLOSED,SIGNAL,N_A,,
LBS-475HB-128,LBS-02 KCC ẤP 5 VĨNH TÂN,LBS,TRỤ 02,475-HB,110_HB,ĐIỆN LỰC BÌNH DƯƠNG,ĐỘI QLVH,ACTIVE,OPEN,SIGNAL,N_A,,
LBS-474HB-129,LBS-64 BẾN ĐỒN,LBS,TRỤ 64,474-HB,110_HB,ĐIỆN LỰC BÌNH DƯƠNG,ĐỘI QLVH,ACTIVE,CLOSED,SIGNAL,N_A,,
LBS-474HB-130,LBS-44 MAI THƯ,LBS,TRỤ 44,474-HB,110_HB,ĐIỆN LỰC BÌNH DƯƠNG,ĐỘI QLVH,ACTIVE,OPEN,SIGNAL,N_A,,
LBS-476HB-131,LBS-02 ĐƯỜNG 29 NỐI DÀI,LBS,TRỤ 61,476-HB,110_HB,ĐIỆN LỰC BÌNH DƯƠNG,ĐỘI QLVH,ACTIVE,CLOSED,SIGNAL,N_A,,
LBS-476HB-132,LBS-04 ĐƯỜNG 30 NỐI DÀI,LBS,TRỤ 02,476-HB,110_HB,ĐIỆN LỰC BÌNH DƯƠNG,ĐỘI QLVH,ACTIVE,CLOSED,SIGNAL,N_A,,
LBS-476HB-133,LBS-77 NAM SUNG,LBS,TRỤ 77,476-HB,110_HB,ĐIỆN LỰC BÌNH DƯƠNG,ĐỘI QLVH,ACTIVE,CLOSED,SIGNAL,N_A,,
LBS-476HB-134,LBS-19 ĐƯỜNG 31 NỐI DÀI,LBS,TRỤ 19,476-HB,110_HB,ĐIỆN LỰC BÌNH DƯƠNG,ĐỘI QLVH,ACTIVE,CLOSED,SIGNAL,N_A,,
LBS-476HB-135,LBS-87 NAM SUNG,LBS,TRỤ 87,476-HB,110_HB,ĐIỆN LỰC BÌNH DƯƠNG,ĐỘI QLVH,ACTIVE,OPEN,SIGNAL,N_A,,
LBS-480HB-136,LBS-23 ĐƯỜNG SỐ 24,LBS,TRỤ 23,480-HB,110_HB,ĐIỆN LỰC BÌNH DƯƠNG,ĐỘI QLVH,ACTIVE,CLOSED,SIGNAL,N_A,,
LBS-480HB-137,LBS-23 ĐƯỜNG SỐ 25,LBS,TRỤ 23,480-HB,110_HB,ĐIỆN LỰC BÌNH DƯƠNG,ĐỘI QLVH,ACTIVE,OPEN,SIGNAL,N_A,,
LBS-471TP-138,LBS-58 TỔNG BẢNG,LBS,TRỤ 58,471-TP,110_TP,ĐIỆN LỰC BÌNH DƯƠNG,ĐỘI QLVH,ACTIVE,CLOSED,SIGNAL,N_A,,
LBS-471TP-139,LBS-75 TỔNG BẢNG,LBS,TRỤ 75,471-TP,110_TP,ĐIỆN LỰC BÌNH DƯƠNG,ĐỘI QLVH,ACTIVE,CLOSED,SIGNAL,N_A,,
LBS-471TP-140,LBS-103 TỔNG BẢNG,LBS,TRỤ 103,471-TP,110_TP,ĐIỆN LỰC BÌNH DƯƠNG,ĐỘI QLVH,ACTIVE,CLOSED,SIGNAL,N_A,,
LBS-471TP-141,LBS-16 GIAI MỸ,LBS,TRỤ 16,471-TP,110_TP,ĐIỆN LỰC BÌNH DƯƠNG,ĐỘI QLVH,ACTIVE,CLOSED,SIGNAL,N_A,,
LBS-479TP-142,LBS-58 GÒ TRẮC,LBS,TRỤ 58,479-TP,110_TP,ĐIỆN LỰC BÌNH DƯƠNG,ĐỘI QLVH,ACTIVE,CLOSED,SIGNAL,N_A,,
LBS-479TP-143,LBS-02 NR GẠCH SỐ 4,LBS,TRỤ 02,479-TP,110_TP,ĐIỆN LỰC BÌNH DƯƠNG,ĐỘI QLVH,ACTIVE,CLOSED,SIGNAL,N_A,,
LBS-479TP-144,LBS-106 GÒ TRẮC,LBS,TRỤ 106,479-TP,110_TP,ĐIỆN LỰC BÌNH DƯƠNG,ĐỘI QLVH,ACTIVE,CLOSED,SIGNAL,N_A,,
LBS-472TP-145,LBS-48 TÂN LƯƠNG,LBS,TRỤ 48,472-TP,110_TP,ĐIỆN LỰC BÌNH DƯƠNG,ĐỘI QLVH,ACTIVE,CLOSED,SIGNAL,N_A,,
LBS-474TP-146,LBS-13 THẠNH HỘI,LBS,TRỤ 13,474-TP,110_TP,ĐIỆN LỰC BÌNH DƯƠNG,ĐỘI QLVH,ACTIVE,CLOSED,SIGNAL,N_A,,
LBS-476TP-147,LBS-03 NR HTX PHƯỚC THÀNH,LBS,TRỤ 03,476-TP,110_TP,ĐIỆN LỰC BÌNH DƯƠNG,ĐỘI QLVH,ACTIVE,CLOSED,SIGNAL,,,
LBS-475KV-148,LBS-01B HỐ ĐÁ,LBS,TRỤ 01,475-KV,110_KV,ĐIỆN LỰC BÌNH DƯƠNG,ĐỘI QLVH,ACTIVE,CLOSED,SIGNAL,N_A,,
LBS-474KV-149,LBS-99 LỢI LỘC,LBS,TRỤ 99,474-KV,110_KV,ĐIỆN LỰC BÌNH DƯƠNG,ĐỘI QLVH,ACTIVE,CLOSED,SIGNAL,N_A,,
LBS-474KV-150,LBS-03 LỢI LỘC,LBS,TRỤ 03,474-KV,110_KV,ĐIỆN LỰC BÌNH DƯƠNG,ĐỘI QLVH,ACTIVE,OPEN,SIGNAL,N_A,,
LBS-480KV-151,LBS-01B ĐỨC HÒA,LBS,TRỤ 01,480-KV,110_KV,ĐIỆN LỰC BÌNH DƯƠNG,ĐỘI QLVH,ACTIVE,CLOSED,SIGNAL,N_A,,
LBS-480KV-152,LBS-10 ĐỨC HÒA,LBS,TRỤ 10,480-KV,110_KV,ĐIỆN LỰC BÌNH DƯƠNG,ĐỘI QLVH,ACTIVE,CLOSED,SIGNAL,N_A,,
LBS-473KB-153,LBS-77 TÂN VĨNH HIỆP,LBS,TRỤ 77,473-KB,110_KB,ĐIỆN LỰC BÌNH DƯƠNG,ĐỘI QLVH,ACTIVE,OPEN,SIGNAL,N_A,,
LBS-473KB-154,LBS-02 XÓM BẦU,LBS,TRỤ 02,473-KB,110_KB,ĐIỆN LỰC BÌNH DƯƠNG,ĐỘI QLVH,ACTIVE,CLOSED,SIGNAL,N_A,,
LBS-477KB-155,LBS-30 LONG BÌNH,LBS,TRỤ 30,477-KB,110_KB,ĐIỆN LỰC BÌNH DƯƠNG,ĐỘI QLVH,ACTIVE,OPEN,SIGNAL,N_A,,
LBS-474KB-156,LBS-47 CƯỜNG THỊNH,LBS,TRỤ 47,474-KB,110_KB,ĐIỆN LỰC BÌNH DƯƠNG,ĐỘI QLVH,ACTIVE,CLOSED,SIGNAL,N_A,,
LBS-474KB-157,LBS-71 CƯỜNG THỊNH,LBS,TRỤ 71,474-KB,110_KB,ĐIỆN LỰC BÌNH DƯƠNG,ĐỘI QLVH,ACTIVE,CLOSED,SIGNAL,N_A,,
LBS-474KB-158,LBS-80 CƯỜNG THỊNH,LBS,TRỤ 80,474-KB,110_KB,ĐIỆN LỰC BÌNH DƯƠNG,ĐỘI QLVH,ACTIVE,OPEN,SIGNAL,N_A,,
LBS-478KB-159,LBS-27 NHÀ THỜ,LBS,TRỤ 27,478-KB,110_KB,ĐIỆN LỰC BÌNH DƯƠNG,ĐỘI QLVH,ACTIVE,CLOSED,SIGNAL,N_A,,
LBS-465KB-160,LBS-21 N4 NAM TÂN UYÊN,LBS,TRỤ 21,465-KB,110_KB,ĐIỆN LỰC BÌNH DƯƠNG,ĐỘI QLVH,ACTIVE,CLOSED,SIGNAL,N_A,,
LBS-467KB-162,LBS-61 NAM TÂN UYÊN,LBS,TRỤ 61,467-KB,110_KB,ĐIỆN LỰC BÌNH DƯƠNG,ĐỘI QLVH,ACTIVE,CLOSED,SIGNAL,N_A,,
LBS-467KB-163,LBS-32 SỞ BÁT GIẬT 1,LBS,TRỤ 32,467-KB,110_KB,ĐIỆN LỰC BÌNH DƯƠNG,ĐỘI QLVH,ACTIVE,CLOSED,SIGNAL,N_A,,
LBS-467KB-164,LBS-52 SỞ BÁT GIẬT 1,LBS,TRỤ 52,467-KB,110_KB,ĐIỆN LỰC BÌNH DƯƠNG,ĐỘI QLVH,ACTIVE,CLOSED,SIGNAL,N_A,,
LBS-467KB-165,LBS-67 SỞ BÁT GIẬT 1,LBS,TRỤ 67,467-KB,110_KB,ĐIỆN LỰC BÌNH DƯƠNG,ĐỘI QLVH,ACTIVE,OPEN,SIGNAL,N_A,,
LBS-469KB-166,LBS-09 N6 NAM TÂN UYÊN,LBS,TRỤ 09,469-KB,110_KB,ĐIỆN LỰC BÌNH DƯƠNG,ĐỘI QLVH,ACTIVE,OPEN,SIGNAL,N_A,,
LBS-473TU-167,LBS-02 PHÚC BÌNH LONG,LBS,TRỤ 02,473-TU,110_TU,ĐIỆN LỰC BÌNH DƯƠNG,ĐỘI QLVH,ACTIVE,CLOSED,SIGNAL,N_A,,
LBS-475TU-168,LBS-104 NÔNG TRƯỜNG HỘI NGHĨA,LBS,TRỤ 104,475-TU,110_TU,ĐIỆN LỰC BÌNH DƯƠNG,ĐỘI QLVH,ACTIVE,OPEN,SIGNAL,N_A,,
LBS-481TU-169,LBS-61 VƯỜN DẦU,LBS,TRỤ 61,481-TU,110_TU,ĐIỆN LỰC BÌNH DƯƠNG,ĐỘI QLVH,ACTIVE,OPEN,SIGNAL,N_A,,
LBS-474TU-170,LBS-01 HIGH POINT,LBS,TRỤ 01,474-TU,110_TU,ĐIỆN LỰC BÌNH DƯƠNG,ĐỘI QLVH,ACTIVE,OPEN,SIGNAL,N_A,,
LBS-471ĐC-171,LBS-252 SUỐI ĐÁ BÀN,LBS,TRỤ 252,471-ĐC,110_ĐC,ĐIỆN LỰC BÌNH DƯƠNG,ĐỘI QLVH,ACTIVE,CLOSED,SIGNAL,N_A,,
LBS-471ĐC-172,LBS-105C THƯỢNG PHÚC,LBS,TRỤ 105C,471-ĐC,110_ĐC,ĐIỆN LỰC BÌNH DƯƠNG,ĐỘI QLVH,ACTIVE,CLOSED,SIGNAL,N_A,,
LBS-471ĐC-173,LBS-126 TÂN MỸ - HIẾU LIÊM,LBS,TRỤ 126,471-ĐC,110_ĐC,ĐIỆN LỰC BÌNH DƯƠNG,ĐỘI QLVH,ACTIVE,CLOSED,SIGNAL,N_A,,
LBS-471ĐC-174,LBS-142 TÂN MỸ - HIẾU LIÊM,LBS,TRỤ 142,471-ĐC,110_ĐC,ĐIỆN LỰC BÌNH DƯƠNG,ĐỘI QLVH,ACTIVE,CLOSED,SIGNAL,N_A,,
LBS-471ĐC-175,LBS-182 XI MĂNG BÌNH DƯƠNG,LBS,TRỤ 182,471-ĐC,110_ĐC,ĐIỆN LỰC BÌNH DƯƠNG,ĐỘI QLVH,ACTIVE,OPEN,SIGNAL,N_A,,
LBS-475ĐC-176,LBS-01 NGÃ 3 HỘI NGHĨA,LBS,TRỤ 01,475-ĐC,110_ĐC,ĐIỆN LỰC BÌNH DƯƠNG,ĐỘI QLVH,ACTIVE,CLOSED,SIGNAL,N_A,,
LBS-475ĐC-177,LBS-02A HIỆP LỰC,LBS,TRỤ 02A,477-ĐC,110_ĐC,ĐIỆN LỰC BÌNH DƯƠNG,ĐỘI QLVH,ACTIVE,CLOSED,SIGNAL,N_A,,
LBS-474ĐC-178,LBS-01 ĐƯỜNG D3 KCN ĐẤT CUỐC A,LBS,TRỤ 01,474-ĐC,110_ĐC,ĐIỆN LỰC BÌNH DƯƠNG,ĐỘI QLVH,ACTIVE,OPEN,SIGNAL,N_A,,
LBS-476ĐC-179,LBS-103B HỐC RÂM,LBS,TRỤ 103,476-ĐC,110_ĐC,ĐIỆN LỰC BÌNH DƯƠNG,ĐỘI QLVH,ACTIVE,CLOSED,SIGNAL,N_A,,
LBS-480ĐC-180,LBS-224 HIẾU LIÊM 415,LBS,TRỤ 224,480-ĐC,110_ĐC,ĐIỆN LỰC BÌNH DƯƠNG,ĐỘI QLVH,ACTIVE,CLOSED,SIGNAL,N_A,,
LBS-480ĐC-181,LBS-22B NGÃ 3 HIẾU LIÊM,LBS,TRỤ 22B,480-ĐC,110_ĐC,ĐIỆN LỰC BÌNH DƯƠNG,ĐỘI QLVH,ACTIVE,CLOSED,SIGNAL,N_A,,
LBS-471TG-182,LBS-81 THU PHÍ BƯNG CÙ,LBS,TRỤ 81,471-TG,110_TG,ĐIỆN LỰC BÌNH DƯƠNG,ĐỘI QLVH,ACTIVE,CLOSED,SIGNAL,N_A,,
LBS-471TG-183,LBS-94 MIỄU ÔNG CÙ,LBS,TRỤ 94,471-TG,110_TG,ĐIỆN LỰC BÌNH DƯƠNG,ĐỘI QLVH,ACTIVE,CLOSED,SIGNAL,N_A,,
LBS-471TG-184,LBS-02 NR ĐỨC LỢI,LBS,TRỤ 02,471-TG,110_TG,ĐIỆN LỰC BÌNH DƯƠNG,ĐỘI QLVH,ACTIVE,CLOSED,SIGNAL,N_A,,
LBS-473TG-185,LBS-03 TÁM QUỲNH,LBS,TRỤ 03,473-TG,110_TG,ĐIỆN LỰC BÌNH DƯƠNG,ĐỘI QLVH,ACTIVE,CLOSED,SIGNAL,N_A,,
LBS-473TG-186,LBS-46 CẦU THẠNH HỘI,LBS,TRỤ 46,473-TG,110_TG,ĐIỆN LỰC BÌNH DƯƠNG,ĐỘI QLVH,ACTIVE,CLOSED,SIGNAL,N_A,,
LBS-472TG-187,LBS-43 THÁI HÒA,LBS,TRỤ 43,472-TG,110_TG,ĐIỆN LỰC BÌNH DƯƠNG,ĐỘI QLVH,ACTIVE,CLOSED,SIGNAL,N_A,,
LBS-474HĐ-188,LBS-22 SUỐI CÁT,LBS,TRỤ 22,474-HĐ,110_HĐ,ĐIỆN LỰC BÌNH DƯƠNG,ĐỘI QLVH,ACTIVE,CLOSED,SIGNAL,N_A,,
LBS-474HĐ-189,LBS-08 KIM DUNG,LBS,TRỤ 08,474-HĐ,110_HĐ,ĐIỆN LỰC BÌNH DƯƠNG,ĐỘI QLVH,ACTIVE,OPEN,SIGNAL,N_A,,
LBS-474HĐ-190,LBS-72 THẠNH HÒA,LBS,TRỤ 72,479-HĐ,110_HĐ,ĐIỆN LỰC BÌNH DƯƠNG,ĐỘI QLVH,ACTIVE,OPEN,SIGNAL,N_A,,
LBS-471MH-191,LBS-137 CỔNG XANH,LBS,TRỤ 137,471-MH,110_MH,ĐIỆN LỰC BÌNH DƯƠNG,ĐỘI QLVH,ACTIVE,CLOSED,SIGNAL,N_A,,
===DEVICES_REC===
device_id,name,device_type,pole_number,Mã phát tuyến,substation_code,unit,team,status,switch_status,scada_status,relay_79,image_url,google_maps_url
REC-471GĐ-001,REC-36 THƯ VIỆN,REC,TRỤ 36,471-GĐ,110_GĐ,ĐIỆN LỰC BÌNH DƯƠNG,ĐỘI QLVH,ACTIVE,CLOSED,SIGNAL,OFF,,
REC-471GĐ-002,REC-85 THƯ VIỆN,REC,TRỤ 85,471-GĐ,110_GĐ,ĐIỆN LỰC BÌNH DƯƠNG,ĐỘI QLVH,ACTIVE,CLOSED,SIGNAL,OFF,,
REC-473GĐ-003,REC-VĂN CÔNG KHAI,REC,TRỤ 45,473-GĐ,110_GĐ,ĐIỆN LỰC BÌNH DƯƠNG,ĐỘI QLVH,ACTIVE,CLOSED,SIGNAL,OFF,,
REC-473GĐ-004,REC-94 THỊ XÃ,REC,TRỤ 94,473-GĐ,110_GĐ,ĐIỆN LỰC BÌNH DƯƠNG,ĐỘI QLVH,ACTIVE,CLOSED,SIGNAL,OFF,,
REC-475GĐ-005,REC-21B NHÀ MÁY ĐƯỜNG,REC,TRỤ 21B,475-GĐ,110_GĐ,ĐIỆN LỰC BÌNH DƯƠNG,ĐỘI QLVH,ACTIVE,CLOSED,SIGNAL,OFF,,
REC-475GĐ-006,REC-57 NGUYỄN TRI PHƯƠNG,REC,TRỤ 57,475-GĐ,110_GĐ,ĐIỆN LỰC BÌNH DƯƠNG,ĐỘI QLVH,ACTIVE,CLOSED,SIGNAL,OFF,,
REC-477GĐ-007,REC-11 LÁI THIÊU,REC,TRỤ 11,477-GĐ,110_GĐ,ĐIỆN LỰC BÌNH DƯƠNG,ĐỘI QLVH,ACTIVE,CLOSED,SIGNAL,OFF,,
REC-477GĐ-008,REC-25A TRI KỶ,REC,TRỤ 25A,477-GĐ,110_GĐ,ĐIỆN LỰC BÌNH DƯƠNG,ĐỘI QLVH,ACTIVE,CLOSED,SIGNAL,OFF,,
REC-481GĐ-009,REC-111 CƠ ĐỘNG,REC,TRỤ 111,481-GĐ,110_GĐ,ĐIỆN LỰC BÌNH DƯƠNG,ĐỘI QLVH,ACTIVE,CLOSED,SIGNAL,OFF,,
REC-481GĐ-010,REC-03 TƯƠNG BÌNH HIỆP,REC,TRỤ 03,481-GĐ,110_GĐ,ĐIỆN LỰC BÌNH DƯƠNG,ĐỘI QLVH,ACTIVE,CLOSED,SIGNAL,OFF,,
REC-481GĐ-011,REC-02 TẠO LỰC 6,REC,TRỤ 02,481-GĐ,110_GĐ,ĐIỆN LỰC BÌNH DƯƠNG,ĐỘI QLVH,ACTIVE,CLOSED,SIGNAL,OFF,,
REC-481GĐ-012,REC-02 TÂN AN,REC,TRỤ 03,481-GĐ,110_GĐ,ĐIỆN LỰC BÌNH DƯƠNG,ĐỘI QLVH,ACTIVE,CLOSED,SIGNAL,OFF,,
REC-481GĐ-013,REC-35 CẦU ÔNG CỘ,REC,TRỤ 35,481-GĐ,110_GĐ,ĐIỆN LỰC BÌNH DƯƠNG,ĐỘI QLVH,ACTIVE,CLOSED,SIGNAL,OFF,,
REC-474GĐ-014,REC-02 CA TỈNH BÌNH DƯƠNG,REC,TRỤ 02,474-GĐ,110_GĐ,ĐIỆN LỰC BÌNH DƯƠNG,ĐỘI QLVH,ACTIVE,CLOSED,SIGNAL,OFF,,
REC-478GĐ-015,REC-109 HIỆP THÀNH,REC,TRỤ 109,478-GĐ,110_GĐ,ĐIỆN LỰC BÌNH DƯƠNG,ĐỘI QLVH,ACTIVE,CLOSED,SIGNAL,OFF,,
REC-471BB-016,REC-117 BƠM CÂY VIẾT,REC,TRỤ 117,471-BB,110_BB,ĐIỆN LỰC BÌNH DƯƠNG,ĐỘI QLVH,ACTIVE,CLOSED,SIGNAL,OFF,,
REC-477BB-017,REC-14 VSIP II,REC,TRỤ 14,477-BB,110_BB,ĐIỆN LỰC BÌNH DƯƠNG,ĐỘI QLVH,ACTIVE,CLOSED,SIGNAL,OFF,,
REC-477BB-018,REC-133 VSIP II,REC,TRỤ 14,477-BB,110_BB,ĐIỆN LỰC BÌNH DƯƠNG,ĐỘI QLVH,ACTIVE,CLOSED,SIGNAL,OFF,,
REC-477BB-019,REC-15 KIM HUY,REC,TRỤ 15,479-BB,110_BB,ĐIỆN LỰC BÌNH DƯƠNG,ĐỘI QLVH,ACTIVE,CLOSED,SIGNAL,OFF,,
REC-480BB-020,REC-05 ĐẠI THIÊN LỘC 2,REC,TRỤ 05,480-BB,110_BB,ĐIỆN LỰC BÌNH DƯƠNG,ĐỘI QLVH,ACTIVE,CLOSED,SIGNAL,OFF,,
REC-471VT-021,REC-99 ĐẠI ĐĂNG,REC,TRỤ 99,471-VT,110_VT,ĐIỆN LỰC BÌNH DƯƠNG,ĐỘI QLVH,ACTIVE,CLOSED,SIGNAL,OFF,,
REC-471VT-022,REC-142 SHIJAR,REC,TRỤ 142,471-VT,110_VT,ĐIỆN LỰC BÌNH DƯƠNG,ĐỘI QLVH,ACTIVE,CLOSED,SIGNAL,OFF,,
REC-471VT-023,REC-174 SHIJAR,REC,TRỤ 174,471-VT,110_VT,ĐIỆN LỰC BÌNH DƯƠNG,ĐỘI QLVH,ACTIVE,CLOSED,SIGNAL,OFF,,
REC-473VT-024,REC-100 TẠO LỰC 1,REC,TRỤ 100,473-VT,110_VT,ĐIỆN LỰC BÌNH DƯƠNG,ĐỘI QLVH,ACTIVE,CLOSED,SIGNAL,OFF,,
REC-475VT-025,REC-175 KYROS,REC,TRỤ 175,475-VT,110_VT,ĐIỆN LỰC BÌNH DƯƠNG,ĐỘI QLVH,ACTIVE,CLOSED,SIGNAL,OFF,,
REC-477VT-026,REC-01 SÁU TỶ,REC,TRỤ 01,477-VT,110_VT,ĐIỆN LỰC BÌNH DƯƠNG,ĐỘI QLVH,ACTIVE,CLOSED,SIGNAL,OFF,,
REC-477VT-027,REC-77 VĨNH AN,REC,TRỤ 77,478-VT,110_VT,ĐIỆN LỰC BÌNH DƯƠNG,ĐỘI QLVH,ACTIVE,CLOSED,SIGNAL,OFF,,
REC-480VT-028,REC-33 TÂN VĨNH HIỆP,REC,TRỤ 33,480-VT,110_VT,ĐIỆN LỰC BÌNH DƯƠNG,ĐỘI QLVH,ACTIVE,CLOSED,SIGNAL,OFF,,
REC-475VH-029,REC-01 HOA NÉT,REC,TRỤ 01,475-VH,110_VH,ĐIỆN LỰC BÌNH DƯƠNG,ĐỘI QLVH,ACTIVE,CLOSED,SIGNAL,OFF,,
REC-477VH-030,REC-54 HỐ CAO,REC,TRỤ 54,477-VH,110_VH,ĐIỆN LỰC BÌNH DƯƠNG,ĐỘI QLVH,ACTIVE,CLOSED,SIGNAL,OFF,,
REC-479VH-031,REC-56 BỜ SUỐI,REC,TRỤ 56,479-VH,110_VH,ĐIỆN LỰC BÌNH DƯƠNG,ĐỘI QLVH,ACTIVE,CLOSED,SIGNAL,OFF,,
REC-474VH-032,REC-01 NGÃ 3 TÂN HIỆP,REC,TRỤ 01,474-VH,110_VH,ĐIỆN LỰC BÌNH DƯƠNG,ĐỘI QLVH,ACTIVE,CLOSED,SIGNAL,OFF,,
REC-474VH-033,REC-02 SỞ BÁT GIẬT 1,REC,TRỤ 02,474-VH,110_VH,ĐIỆN LỰC BÌNH DƯƠNG,ĐỘI QLVH,ACTIVE,CLOSED,SIGNAL,OFF,,
REC-480VH-034,REC-02 PHÚ CHÁNH,REC,TRỤ 02,480-VH,110_VH,ĐIỆN LỰC BÌNH DƯƠNG,ĐỘI QLVH,ACTIVE,CLOSED,SIGNAL,OFF,,
REC-471VL-035,REC-124 TÂN UYÊN,REC,TRỤ 142,471-VL,110_VL,ĐIỆN LỰC BÌNH DƯƠNG,ĐỘI QLVH,ACTIVE,CLOSED,SIGNAL,OFF,,
REC-471VL-036,REC-33 VƯỜN TRE,REC,TRỤ 133,471-VL,110_VL,ĐIỆN LỰC BÌNH DƯƠNG,ĐỘI QLVH,ACTIVE,CLOSED,SIGNAL,OFF,,
REC-479VL-037,REC-02 ĐƯỜNG 32 NỐI DÀI,REC,TRỤ 02,479-VL,110_VL,ĐIỆN LỰC BÌNH DƯƠNG,ĐỘI QLVH,ACTIVE,CLOSED,SIGNAL,OFF,,
REC-472VL-038,REC-74 VĨNH TÂN,REC,TRỤ 74,472-VL,110_VL,ĐIỆN LỰC BÌNH DƯƠNG,ĐỘI QLVH,ACTIVE,CLOSED,SIGNAL,OFF,,
REC-472VL-039,REC-01 KDC SUỐI TRE,REC,TRỤ 01,472-VL,110_VL,ĐIỆN LỰC BÌNH DƯƠNG,ĐỘI QLVH,ACTIVE,CLOSED,SIGNAL,OFF,,
REC-478VL-040,REC-04 ĐƯỜNG 30 NỐI DÀI,REC,TRỤ 04,478-VL,110_VL,ĐIỆN LỰC BÌNH DƯƠNG,ĐỘI QLVH,ACTIVE,CLOSED,SIGNAL,OFF,,
REC-480VL-041,"REC-40 ẤP 4,5 VĨNH TÂN",REC,TRỤ 40,480-VL,110_VL,ĐIỆN LỰC BÌNH DƯƠNG,ĐỘI QLVH,ACTIVE,CLOSED,SIGNAL,OFF,,
REC-480VL-042,REC-03 VĨNH LỢI,REC,TRỤ 03,480-VL,110_VL,ĐIỆN LỰC BÌNH DƯƠNG,ĐỘI QLVH,ACTIVE,CLOSED,SIGNAL,OFF,,
REC-471HP-043,REC-36 MỞ RỘNG,REC,TRỤ 36,471-HP,110_HP,ĐIỆN LỰC BÌNH DƯƠNG,ĐỘI QLVH,ACTIVE,CLOSED,SIGNAL,OFF,,
REC-473HP-044,REC-14 HỒ SINH THÁI,REC,TRỤ 14,473-HP,110_HP,ĐIỆN LỰC BÌNH DƯƠNG,ĐỘI QLVH,ACTIVE,CLOSED,SIGNAL,OFF,,
REC-477HP-045,REC-01 KHU VƯỜN ĐÔ THỊ,REC,TRỤ 01,477-HP,110_HP,ĐIỆN LỰC BÌNH DƯƠNG,ĐỘI QLVH,ACTIVE,CLOSED,SIGNAL,OFF,,
REC-476HP-046,REC-01 KHU VƯỜN ĐÔ THỊ MỚI 2,REC,TRỤ 01,476-HP,110_HP,ĐIỆN LỰC BÌNH DƯƠNG,ĐỘI QLVH,ACTIVE,CLOSED,SIGNAL,OFF,,
REC-476HP-047,REC-59 EISTA,REC,TRỤ 59,476-HP,110_HP,ĐIỆN LỰC BÌNH DƯƠNG,ĐỘI QLVH,ACTIVE,CLOSED,SIGNAL,OFF,,
REC-476HP-048,REC-02 TẠO LỰC 6,REC,TRỤ 02,476-HP,110_HP,ĐIỆN LỰC BÌNH DƯƠNG,ĐỘI QLVH,ACTIVE,CLOSED,SIGNAL,OFF,,
REC-478HP-049,REC-03 ASXH HÒA LỢI,REC,TRỤ 03,478-HP,110_HP,ĐIỆN LỰC BÌNH DƯƠNG,ĐỘI QLVH,ACTIVE,CLOSED,SIGNAL,OFF,,
REC-480HP-050,REC-02 KDC HÒA LỢI,REC,TRỤ 02,480-HP,110_HP,ĐIỆN LỰC BÌNH DƯƠNG,ĐỘI QLVH,ACTIVE,CLOSED,SIGNAL,OFF,,
REC-480HP-051,REC-02 KDC HÒA PHÚ,REC,TRỤ 01,480-HP,110_HP,ĐIỆN LỰC BÌNH DƯƠNG,ĐỘI QLVH,ACTIVE,CLOSED,SIGNAL,OFF,,
REC-480HP-052,REC-14 NỐI LƯỚI ĐƯỜNG D3 VSIP 2A,REC,TRỤ 14,480-HP,110_HP,ĐIỆN LỰC BÌNH DƯƠNG,ĐỘI QLVH,ACTIVE,CLOSED,SIGNAL,OFF,,
REC-471HL-053,REC-01 KCN PHÚ TÂN,REC,TRỤ 01,475-HL,110_HL,ĐIỆN LỰC BÌNH DƯƠNG,ĐỘI QLVH,ACTIVE,CLOSED,SIGNAL,OFF,,
REC-472HL-054,REC-41 BẾN ĐỒN,REC,TRỤ 41,472-HL,110_HL,ĐIỆN LỰC BÌNH DƯƠNG,ĐỘI QLVH,ACTIVE,CLOSED,SIGNAL,OFF,,
REC-476HL-055,REC-23 KCN PHÚ TÂN 2,REC,TRỤ 23,476-HL,110_HL,ĐIỆN LỰC BÌNH DƯƠNG,ĐỘI QLVH,ACTIVE,CLOSED,SIGNAL,OFF,,
REC-476HL-056,REC-58 ĐỊNH HÒA,REC,TRỤ 58,476-HL,110_HL,ĐIỆN LỰC BÌNH DƯƠNG,ĐỘI QLVH,ACTIVE,CLOSED,SIGNAL,OFF,,
REC-480HL-056,REC-05 XÓM MỚI,REC,TRỤ 05,480-HL,110_HL,ĐIỆN LỰC BÌNH DƯƠNG,ĐỘI QLVH,ACTIVE,CLOSED,SIGNAL,OFF,,
REC-480HL-057,REC-24 XÓM MỚI,REC,TRỤ 24,480-HL,110_HL,ĐIỆN LỰC BÌNH DƯƠNG,ĐỘI QLVH,ACTIVE,CLOSED,SIGNAL,OFF,,
REC-471HB-058,REC-74 VĨNH TÂN,REC,TRỤ 74,471-HB,110_HB,ĐIỆN LỰC BÌNH DƯƠNG,ĐỘI QLVH,ACTIVE,CLOSED,SIGNAL,OFF,,
REC-474HB-059,REC-02 BẾN ĐỒN,REC,TRỤ 74,474-HB,110_HB,ĐIỆN LỰC BÌNH DƯƠNG,ĐỘI QLVH,ACTIVE,CLOSED,SIGNAL,OFF,,
REC-476HB-060,REC-61 DÂN CHỦ,REC,TRỤ 61,476-HB,110_HB,ĐIỆN LỰC BÌNH DƯƠNG,ĐỘI QLVH,ACTIVE,CLOSED,SIGNAL,OFF,,
REC-476HB-061,REC-04 ĐƯỜNG 30 NỐI DÀI,REC,TRỤ 04,476-HB,110_HB,ĐIỆN LỰC BÌNH DƯƠNG,ĐỘI QLVH,ACTIVE,CLOSED,SIGNAL,OFF,,
REC-476HB-062,REC-02 ĐƯỜNG 31 NỐI DÀI,REC,TRỤ 02,476-HB,110_HB,ĐIỆN LỰC BÌNH DƯƠNG,ĐỘI QLVH,ACTIVE,CLOSED,SIGNAL,OFF,,
REC-480HB-063,REC-01 KDC ẤP 1 VĨNH TÂN,REC,TRỤ 01,480-HB,110_HB,ĐIỆN LỰC BÌNH DƯƠNG,ĐỘI QLVH,ACTIVE,CLOSED,SIGNAL,OFF,,
REC-471TP-064,REC-25 TỔNG BẢNG,REC,TRỤ 25A,471-TP,110_TP,ĐIỆN LỰC BÌNH DƯƠNG,ĐỘI QLVH,ACTIVE,CLOSED,SIGNAL,OFF,,
REC-471TP-065,REC-87 CẦU RẠCH TRE,REC,TRỤ 87,471-TP,110_TP,ĐIỆN LỰC BÌNH DƯƠNG,ĐỘI QLVH,ACTIVE,CLOSED,SIGNAL,OFF,,
REC-471TP-066,REC-01 HỐ MIỄU,REC,TRỤ 01,471-TP,110_TP,ĐIỆN LỰC BÌNH DƯƠNG,ĐỘI QLVH,ACTIVE,CLOSED,SIGNAL,OFF,,
REC-471TP-067,REC-01 CỤM CN TÂN MỸ,REC,TRỤ 01,471-TP,110_TP,ĐIỆN LỰC BÌNH DƯƠNG,ĐỘI QLVH,ACTIVE,CLOSED,SIGNAL,OFF,,
REC-472TP-068,REC-03 BẠCH ĐẰNG,REC,TRỤ 03,472-TP,110_TP,ĐIỆN LỰC BÌNH DƯƠNG,ĐỘI QLVH,ACTIVE,CLOSED,SIGNAL,OFF,,
REC-474TP-069,REC-29 TẤN TÀI,REC,TRỤ 29,474-TP,110_TP,ĐIỆN LỰC BÌNH DƯƠNG,ĐỘI QLVH,ACTIVE,CLOSED,SIGNAL,OFF,,
REC-475KV-070,REC-75 PHƯỚC LƯƠNG,REC,TRỤ 75,475-KV,110_KV,ĐIỆN LỰC BÌNH DƯƠNG,ĐỘI QLVH,ACTIVE,CLOSED,SIGNAL,OFF,,
REC-477KV-071,REC-104 KIM MÃ,REC,TRỤ 104,477-KV,110_KV,ĐIỆN LỰC BÌNH DƯƠNG,ĐỘI QLVH,ACTIVE,CLOSED,SIGNAL,OFF,,
REC-479KV-072,REC-52 GÒ SỞ,REC,TRỤ 52,479-KV,110_KV,ĐIỆN LỰC BÌNH DƯƠNG,ĐỘI QLVH,ACTIVE,CLOSED,SIGNAL,OFF,,
REC-476KV-073,REC-64 NGÃ TƯ KHÁNH BÌNH,REC,TRỤ 64,476-KV,110_KV,ĐIỆN LỰC BÌNH DƯƠNG,ĐỘI QLVH,ACTIVE,CLOSED,SIGNAL,OFF,,
REC-471KB-074,REC-57 Á CHÂU,REC,,471-KB,110_KB,ĐIỆN LỰC BÌNH DƯƠNG,ĐỘI QLVH,ACTIVE,CLOSED,SIGNAL,OFF,,
REC-473KB-075,REC-10 BIDIVI,REC,TRỤ 104,473-KB,110_KB,ĐIỆN LỰC BÌNH DƯƠNG,ĐỘI QLVH,ACTIVE,CLOSED,SIGNAL,OFF,,
REC-473KB-076,REC-114 LÂM TRƯỜNG,REC,TRỤ 114,473-KB,110_KB,ĐIỆN LỰC BÌNH DƯƠNG,ĐỘI QLVH,ACTIVE,OPEN,SIGNAL,OFF,,
REC-473KB-077,REC-18 CẦU GÕ,REC,TRỤ 18,473-KB,110_KB,ĐIỆN LỰC BÌNH DƯƠNG,ĐỘI QLVH,ACTIVE,CLOSED,SIGNAL,OFF,,
REC-473KB-078,REC-01 NR ẤP 6 THƯỜNG TÂN,REC,TRỤ 01,473-KB,110_KB,ĐIỆN LỰC BÌNH DƯƠNG,ĐỘI QLVH,ACTIVE,CLOSED,SIGNAL,OFF,,
REC-475KB-079,REC-31 AN LỘC,REC,TRỤ 31,475-KB,110_KB,ĐIỆN LỰC BÌNH DƯƠNG,ĐỘI QLVH,ACTIVE,CLOSED,SIGNAL,OFF,,
REC-475KB-080,REC-55 CÔNG AN KHÁNH BÌNH,REC,TRỤ 55,475-KB,110_KB,ĐIỆN LỰC BÌNH DƯƠNG,ĐỘI QLVH,ACTIVE,CLOSED,SIGNAL,OFF,,
REC-474KB-081,REC-32 VIỆT XANH,REC,TRỤ 32,474-KB,110_KB,ĐIỆN LỰC BÌNH DƯƠNG,ĐỘI QLVH,ACTIVE,CLOSED,SIGNAL,OFF,,
REC-474KB-082,REC-60 CƯỜNG THỊNH,REC,TRỤ 60,474-KB,110_KB,ĐIỆN LỰC BÌNH DƯƠNG,ĐỘI QLVH,ACTIVE,CLOSED,SIGNAL,OFF,,
REC-478KB-083,REC-65 BỜ SUỐI,REC,TRỤ 65,478-KB,110_KB,ĐIỆN LỰC BÌNH DƯƠNG,ĐỘI QLVH,ACTIVE,OPEN,SIGNAL,OFF,,
REC-480KB-084,REC-33 VẠN THÔNG,REC,TRỤ 33,480-KB,110_KB,ĐIỆN LỰC BÌNH DƯƠNG,ĐỘI QLVH,ACTIVE,CLOSED,SIGNAL,OFF,,
REC-463KB-085,REC-48 QUANG PHÚC,REC,TRỤ 48,463-KB,110_KB,ĐIỆN LỰC BÌNH DƯƠNG,ĐỘI QLVH,ACTIVE,CLOSED,SIGNAL,OFF,,
REC-465KB-086,REC-01 N4 NAM TÂN UYÊN,REC,TRỤ 01,465-KB,110_KB,ĐIỆN LỰC BÌNH DƯƠNG,ĐỘI QLVH,ACTIVE,CLOSED,SIGNAL,OFF,,
REC-467KB-087,REC-01 N1 NAM TÂN UYÊN,REC,TRỤ 02,467-KB,110_KB,ĐIỆN LỰC BÌNH DƯƠNG,ĐỘI QLVH,ACTIVE,CLOSED,SIGNAL,OFF,,
REC-467KB-088,REC-46 N1 ÔNG ĐÔNG,REC,TRỤ 46,467-KB,110_KB,ĐIỆN LỰC BÌNH DƯƠNG,ĐỘI QLVH,ACTIVE,CLOSED,SIGNAL,OFF,,
REC-467KB-089,REC-01 SỞ BÁT GIẬT 1,REC,TRỤ 01,467-KB,110_KB,ĐIỆN LỰC BÌNH DƯƠNG,ĐỘI QLVH,ACTIVE,OPEN,SIGNAL,OFF,,
REC-469KB-090,REC-02 N6 NAM TÂN UYÊN,REC,TRỤ 02,469-KB,110_KB,ĐIỆN LỰC BÌNH DƯƠNG,ĐỘI QLVH,ACTIVE,CLOSED,SIGNAL,OFF,,
REC-473TU-091,REC-47 NGÃ 3 ĐƯỜNG 49,REC,TRỤ 47,473-TU,110_TU,ĐIỆN LỰC BÌNH DƯƠNG,ĐỘI QLVH,ACTIVE,OPEN,SIGNAL,OFF,,
REC-473TU-092,REC-14 LIÊN KẾT CAO SU MIỀN NAM,REC,TRỤ 14,473-TU,110_TU,ĐIỆN LỰC BÌNH DƯƠNG,ĐỘI QLVH,ACTIVE,OPEN,SIGNAL,OFF,,
REC-475TU-093,REC-61 HỘI NGHĨA 1,REC,TRỤ 61,475-TU,110_TU,ĐIỆN LỰC BÌNH DƯƠNG,ĐỘI QLVH,ACTIVE,CLOSED,SIGNAL,OFF,,
REC-477TU-094,REC-01 TRẠM XÁ UYÊN HƯNG,REC,TRỤ 01,477-TU,110_TU,ĐIỆN LỰC BÌNH DƯƠNG,ĐỘI QLVH,ACTIVE,CLOSED,SIGNAL,OFF,,
REC-477TU-095,REC-59 HỐ TRÀO,REC,TRỤ 59,477-TU,110_TU,ĐIỆN LỰC BÌNH DƯƠNG,ĐỘI QLVH,ACTIVE,CLOSED,SIGNAL,OFF,,
REC-479TU-096,REC-51 ĐÌNH UYÊN HƯNG,REC,TRỤ 51,479-TU,110_TU,ĐIỆN LỰC BÌNH DƯƠNG,ĐỘI QLVH,ACTIVE,CLOSED,SIGNAL,OFF,,
REC-474TU-097,REC-09 ĐẠI HOA 1,REC,,474-TU,110_TU,ĐIỆN LỰC BÌNH DƯƠNG,ĐỘI QLVH,ACTIVE,CLOSED,SIGNAL,OFF,,
REC-476TU-098,REC-10 ĐẠI HOA 2,REC,,476-TU,110_TU,ĐIỆN LỰC BÌNH DƯƠNG,ĐỘI QLVH,ACTIVE,CLOSED,SIGNAL,OFF,,
REC-478TU-099,REC-03 NAM TÂN UYÊN MỞ RỘNG,REC,,478-TU,110_TU,ĐIỆN LỰC BÌNH DƯƠNG,ĐỘI QLVH,ACTIVE,CLOSED,SIGNAL,OFF,,
REC-471ĐC-100,REC-113 VƯỜN DẦU,REC,,471-ĐC,110_ĐC,ĐIỆN LỰC BÌNH DƯƠNG,ĐỘI QLVH,ACTIVE,CLOSED,SIGNAL,OFF,,
REC-471ĐC-101,REC-01B HỐC RÂM 2,REC,,471-ĐC,110_ĐC,ĐIỆN LỰC BÌNH DƯƠNG,ĐỘI QLVH,ACTIVE,CLOSED,SIGNAL,OFF,,
REC-471ĐC-102,REC-05 MINH QUĂNG,REC,,471-ĐC,110_ĐC,ĐIỆN LỰC BÌNH DƯƠNG,ĐỘI QLVH,ACTIVE,CLOSED,SIGNAL,OFF,,
REC-473ĐC-103,REC-114 LÂM TRƯỜNG,REC,,473-ĐC,110_ĐC,ĐIỆN LỰC BÌNH DƯƠNG,ĐỘI QLVH,ACTIVE,OPEN,SIGNAL,OFF,,
REC-475ĐC-104,REC-142 TÂN THÀNH,REC,,475-ĐC,110_ĐC,ĐIỆN LỰC BÌNH DƯƠNG,ĐỘI QLVH,ACTIVE,OPEN,SIGNAL,OFF,,
REC-474ĐC-105,REC-02 GỐM VIỆT,REC,,474-ĐC,110_ĐC,ĐIỆN LỰC BÌNH DƯƠNG,ĐỘI QLVH,ACTIVE,CLOSED,SIGNAL,OFF,,
REC-476ĐC-106,REC-01 HỐC RÂM,REC,,476-ĐC,110_ĐC,ĐIỆN LỰC BÌNH DƯƠNG,ĐỘI QLVH,ACTIVE,CLOSED,SIGNAL,OFF,,
REC-476ĐC-107,REC-222 CẦU BÀ CỦA,REC,,476-ĐC,110_ĐC,ĐIỆN LỰC BÌNH DƯƠNG,ĐỘI QLVH,ACTIVE,CLOSED,SIGNAL,OFF,,
REC-478ĐC-108,REC-01 NHÁNH SỐ 1 KCN ĐẤT CUỐC A,REC,,478-ĐC,110_ĐC,ĐIỆN LỰC BÌNH DƯƠNG,ĐỘI QLVH,ACTIVE,CLOSED,SIGNAL,OFF,,
REC-478ĐC-109,REC-01 ĐỖ VĂN CÔNG,REC,,478-ĐC,110_ĐC,ĐIỆN LỰC BÌNH DƯƠNG,ĐỘI QLVH,ACTIVE,CLOSED,SIGNAL,OFF,,
REC-480ĐC-110,REC-154 ẤP 1 TÂN ĐỊNH,REC,,480-ĐC,110_ĐC,ĐIỆN LỰC BÌNH DƯƠNG,ĐỘI QLVH,ACTIVE,CLOSED,SIGNAL,OFF,,
REC-480ĐC-111,REC-233 ĐỒI THIỀNG LIỀNG,REC,,480-ĐC,110_ĐC,ĐIỆN LỰC BÌNH DƯƠNG,ĐỘI QLVH,ACTIVE,CLOSED,SIGNAL,OFF,,
REC-480ĐC-112,REC-199 BƯU ĐIỆN TÂN ĐỊNH,REC,,480-ĐC,110_ĐC,ĐIỆN LỰC BÌNH DƯƠNG,ĐỘI QLVH,ACTIVE,CLOSED,SIGNAL,OFF,,
REC-473TG-113,REC-50 CHÙA QUAN ÂM,REC,,473-TG,110_TG,ĐIỆN LỰC BÌNH DƯƠNG,ĐỘI QLVH,ACTIVE,CLOSED,SIGNAL,OFF,,
REC-473TG-114,REC-96 CẦU ÔNG TIẾP,REC,,473-TG,110_TG,ĐIỆN LỰC BÌNH DƯƠNG,ĐỘI QLVH,ACTIVE,OPEN,SIGNAL,OFF,,
REC-472TG-115,REC-16 GÒ TRẮNG,REC,,472-TG,110_TG,ĐIỆN LỰC BÌNH DƯƠNG,ĐỘI QLVH,ACTIVE,OPEN,SIGNAL,OFF,,
REC-472TG-116,REC-35 NE8,REC,,474-MH,110_MH,ĐIỆN LỰC BÌNH DƯƠNG,ĐỘI QLVH,ACTIVE,OPEN,SIGNAL,OFF,,
